name,age,city,email
Georgie Pierce,22,Apofelal,keho@valbe.ru
Glenn Walsh,42,Zemecoifa,ivcuocu@zolwa.au
Zachary Cummings,26,Tujous,hu@nar.ps
Troy Warner,42,Uwilupija,ovaruke@otibas.gg
Philip Hanson,64,Duvuzju,pezfavnig@cualke.ph
Steve Griffith,28,Bicorfoh,fehu@azor.net
Aaron Klein,20,Kosawih,vu@ricdijev.aw
Eric Collier,64,Gedkali,zepur@po.nc
Ruby Nguyen,54,Ferbusvu,galwuez@lumfuwiva.lr
Elmer Coleman,34,Oweasahuh,boddervip@keeku.re
Todd Carter,52,Degvisuk,lagopdon@bomucpe.ne
Polly Carter,44,Jowuzuj,pawijwip@okurub.td
Mina Lyons,47,Kocpusu,ta@waike.li
Myra Carroll,23,Esicovew,asegala@etize.gr
Gene Welch,54,Huwelobo,weceki@kirectoj.ec
Bernard Ingram,43,Ittegci,gikugsij@se.org
Hester Alvarez,59,Akelivaj,takgig@seswojop.vu
Eric Daniels,59,Duldifjo,namzihhuh@ak.hr
Carlos Cobb,21,Ivwuepe,derciwlag@ta.sm
Shawn Chapman,64,Gekises,saajguw@lozoje.uz
Robert Taylor,25,Kanitan,liamwi@uhoragav.ga
Miguel Palmer,34,Udwunmu,ha@zuntega.hr
Eric Lucas,42,Gosmuvijo,miuzwi@sovpuwo.eg
Ada Moss,24,Irohupca,wedad@ruwgewhu.ba
Brandon Hammond,61,Utunege,unupufruj@ornijcep.lk
Lawrence Brewer,45,Piapja,jehwek@lizcefle.ax
Billy Parker,29,Edotagte,wu@ge.ao
Gordon Stevens,23,Vashokan,kaddanhu@so.jo
Georgie Goodwin,18,Mocenjo,zulfemmo@juzmenape.ph
Isabel Curtis,54,Cemidhep,zoufo@ulotuime.pe
Adelaide Hines,36,Lahvevi,wenus@sag.sr
Emma Edwards,31,Famekikif,gufa@jam.sl
Luis Anderson,51,Dajnaglar,vidat@sazgiluwi.ne
Herman Carr,34,Coniwmib,mijsit@mitbujed.cn
Nathan Medina,55,Nukweka,muemho@op.cf
Glenn Dean,28,Upbecoh,esaof@hizam.rs
Kyle Jacobs,38,Wuzowjiw,ofegeg@cu.tt
Raymond Vargas,59,Pejavim,birenze@pawwojok.kz
Duane Boone,49,Nakiwpif,ino@mu.mo
Maurice Wells,62,Pafira,zejasuwo@fomri.tg
Sue Hubbard,35,Negouw,ifa@taro.fj
Willie Tucker,22,Buovocep,vekawin@pa.be
Gilbert Collier,64,Watajtad,nu@oj.bw
Nina Franklin,65,Diduol,ici@jec.va
Philip McCarthy,21,Mifupu,zinbil@fi.com
Vera Rhodes,33,Wujupob,id@kupi.na
Austin White,50,Arbopdoz,su@rojjudim.bw
Gertrude Hammond,28,Tapvatob,pattut@ofiohu.cr
Mae Reese,59,Rahecas,wo@johfusezi.gq
Joseph Wilkerson,62,Regromtir,pecav@nul.ly
Jim Crawford,24,Eravutzej,jajuja@co.kp
Birdie Shaw,24,Mugoon,miktig@ha.sm
Mario Salazar,46,Fasaduc,cabar@he.mu
Bessie Ryan,34,Ulecagtiz,fi@curil.bw
Frederick Snyder,19,Kokroduno,rik@lemiknup.mk
Maria Morrison,48,Ceibemik,fahvolil@ofjuz.ws
Lenora Griffith,60,Labuzu,sumokiig@ke.us
Mattie Gonzales,64,Turugdem,iclegu@mamjeka.mg
Nettie Clark,42,Vighaem,va@jefa.pm
Lawrence Bowen,31,Genviaf,weacoso@gumhac.ee
Mildred Ruiz,39,Nutotah,calon@galobola.kw
Mike Reese,40,Zogpendo,vakiwuni@zol.no
Hallie Newman,54,Sezuze,vovek@son.sj
Pauline Bell,20,Odcece,di@kanet.gs
Willie Cannon,63,Wakuvre,sifga@tugeh.rw
Shane Goodwin,28,Ehecezom,fosavcu@coz.gm
Martha Spencer,25,Hegkebuh,ta@mulavu.ck
Etta Beck,49,Aboutaej,nigbamuto@jacbe.tw
Elizabeth Clayton,32,Zirtugi,rolij@now.mu
Rose Keller,33,Urkurme,emmevto@ligsawo.gb
Jared Reeves,52,Jomsovta,regterep@sop.uy
Adelaide Hunt,45,Hunwowwec,ve@gonmepeb.jo
Brett Swanson,24,Ekedivew,dujaf@ja.ad
Madge James,56,Legaloc,vep@arovih.gi
Ora Walker,47,Reteog,wa@mahmib.je
Bertie Russell,50,Ajiohip,rus@bogo.nz
Charles Jenkins,47,Pirurfov,nofvepze@mucsi.sc
Helena Blair,65,Wugavuk,iklen@wirwacug.cn
Carlos Padilla,50,Bosarbof,gusareti@gumelifi.sv
Carrie Barnett,43,Mazevu,to@ke.tz
Tillie Blake,39,Ihluel,kinzo@kom.vg
Rebecca Conner,50,Wohudpo,na@galivage.ad
Leroy Webb,32,Aburivuk,rovumlit@nuz.bh
Duane Morrison,62,Husirta,ko@tec.tv
Edna Dean,43,Igguafe,omkis@tefcege.ae
Mae Green,54,Awocuze,go@jupcora.by
Barry Hamilton,63,Gemocij,toobuleg@issa.sk
Ophelia Figueroa,28,Madevow,wa@ijikolbu.me
Theodore Carr,52,Usapafo,wiv@attici.gi
Emma Schultz,58,Ujofazib,licemom@ladnuso.mx
Jose Walker,65,Oposakar,pu@lud.fk
Beatrice Berry,51,Emuripze,ruem@mod.ir
Marie Curry,45,Balbodvo,po@vugacuw.tp
Kevin Simpson,24,Sokconbar,ovvih@athod.ie
Billy Little,64,Gatuvu,cohveze@iti.sk
Rhoda Neal,63,Zabfalot,weoma@cedivug.gp
Dominic Rogers,39,Ikedebir,detfoj@fakuso.tf
Glen Jacobs,24,Hiuzsoh,tokpet@pehok.es
Jay Carson,19,Liketeutu,retiafu@za.cn
Callie Nguyen,65,Tettucet,holsodlac@fahgitov.uk
