poster,title,year,runtime,rating,imd,release,genre,plot,director,writer,actor,awards,language,country
http://dummyimage.com/115x100.png/5fa2dd/ffffff,Strings,1995, 1:49 PM,ut,Kane Dunniom,03-May-2024,Adventure|Fantasy,aenean fermentum donec ut mauris eget massa tempor convallis nulla neque libero convallis eget eleifend luctus ultricies eu nibh,Ken Endrizzi,Christie Overstall,Roma Lampkin,Open-source,Telugu,Ukraine
http://dummyimage.com/117x100.png/5fa2dd/ffffff,101 Reykjavik (101 Reykjavík),1968,9:07 PM,quam,Fowler Sansam,21-Sep-2023,Comedy|Drama|Romance,nascetur ridiculus mus vivamus vestibulum sagittis sapien cum sociis natoque penatibus et,Aylmar Claiton,Gregoor Henrot,Erny Rannigan,Synchronised,Malagasy,Egypt
http://dummyimage.com/207x100.png/cc0000/ffffff,"Mother Jugs & Speed",2009,12:23 PM,vestibulum,Wood Finkle,02-Jan-2024,Comedy,elementum in hac habitasse platea dictumst morbi vestibulum velit id pretium iaculis diam erat fermentum justo nec condimentum neque,Theo Dugdale,Lyndy Cozby,Bald Mangenet,Future-proofed,Swedish,China
http://dummyimage.com/105x100.png/ff4444/ffffff,From Hell,2007,3:06 AM,leo,Ada Carnock,30-Jun-2024,Crime|Horror|Mystery|Thriller,tempus vivamus in felis eu sapien cursus vestibulum proin eu mi nulla ac enim,Adina Haspineall,Duke Noto,Benetta De Normanville,Graphic Interface,Indonesian,Bulgaria
http://dummyimage.com/250x100.png/cc0000/ffffff,Crack-Up,1993,9:17 PM,rhoncus,Hansiain Camilleri,31-Jan-2024,Crime|Film-Noir|Mystery,at nulla suspendisse potenti cras in purus eu magna vulputate luctus cum sociis natoque penatibus et magnis,Kissee Gaiger,Dede Biggs,Cortney Severy,framework,Dari,China
http://dummyimage.com/190x100.png/cc0000/ffffff,"Farewell My Lovely",2012,5:37 PM,sed,Pooh Pregal,29-Jan-2024,Crime|Mystery|Thriller,a nibh in quis justo maecenas rhoncus aliquam lacus morbi quis tortor id nulla ultrices aliquet maecenas leo,Nicolle Passion,Eliot Tongue,Ashien Brastead,protocol,Assamese,Portugal
http://dummyimage.com/187x100.png/dddddd/000000,Brothers in Trouble,2006,1:55 AM,ante,Florinda Dallison,26-Jun-2024,Drama,commodo placerat praesent blandit nam nulla integer pede justo lacinia eget tincidunt eget tempus vel pede morbi porttitor lorem id,Tova Nicholson,Karmen Pudney,Evin Pyle,Business-focused,Quechua,Albania
http://dummyimage.com/151x100.png/5fa2dd/ffffff,"Little Princess A",1994,12:37 PM,consequat,Inesita Castiglione,12-Feb-2024,Children|Drama,justo in hac habitasse platea dictumst etiam faucibus cursus urna ut tellus nulla ut erat id mauris vulputate elementum nullam,Tedda Zapata,Crystal Cholton,Kathryn Banasiak,Optional,Bislama,China
http://dummyimage.com/148x100.png/5fa2dd/ffffff,Big Fish,1993,5:33 AM,arcu,Kennedy Tidbold,31-May-2024,Drama|Fantasy|Romance,pede posuere nonummy integer non velit donec diam neque vestibulum eget vulputate ut ultrices vel augue vestibulum ante ipsum primis,Wainwright Gilberthorpe,Garnette Knight,Nelli Enrietto,client-driven,Burmese,Guatemala
http://dummyimage.com/203x100.png/ff4444/ffffff,Citizen Toxie: The Toxic Avenger IV,2008,5:48 AM,sollicitudin,Reggi Dyka,02-Oct-2023,Action|Comedy|Horror,sit amet justo morbi ut odio cras mi pede malesuada in imperdiet et commodo vulputate justo in blandit,Willow Asquith,Isobel McCrone,Cortney Gelderd,Up-sized,Punjabi,Indonesia
http://dummyimage.com/148x100.png/5fa2dd/ffffff,"Million Ways to Die in the West A",1995,2:44 PM,et,Arlin Pardy,23-May-2024,Comedy|Western,sodales scelerisque mauris sit amet eros suspendisse accumsan tortor quis turpis sed ante vivamus tortor duis mattis egestas,Alanson Silversmidt,Manon MacMenamin,Wald Pierpoint,infrastructure,Kyrgyz,Azerbaijan
http://dummyimage.com/118x100.png/ff4444/ffffff,Boom Town,2003,5:54 PM,imperdiet,Kynthia Bourrel,02-Jun-2024,Adventure|Drama|Romance,platea dictumst aliquam augue quam sollicitudin vitae consectetuer eget rutrum at lorem integer tincidunt ante,Tome Brennan,Veronique Maddinon,Sonia Rosin,service-desk,Khmer,France
http://dummyimage.com/186x100.png/5fa2dd/ffffff,Tabu: A Story of the South Seas,2006,11:26 AM,integer,Trueman Tuminini,12-Nov-2023,Drama|Romance,quam sapien varius ut blandit non interdum in ante vestibulum ante,Ryann Klosser,Mersey Gerrietz,Daphne Beavis,Versatile,Bislama,China
http://dummyimage.com/166x100.png/dddddd/000000,"Soldier The",2006,12:52 AM,at,Kerwinn Copnall,08-Jun-2024,Action,arcu sed augue aliquam erat volutpat in congue etiam justo etiam pretium iaculis justo,Katharina Niles,Lethia Norgate,Yoko Ashlin,transitional,Belarusian,Indonesia
http://dummyimage.com/213x100.png/cc0000/ffffff,Pig Hunt,2006,8:51 AM,leo,Linet Ridwood,19-Jul-2024,Action|Horror|Thriller,blandit non interdum in ante vestibulum ante ipsum primis in,Orel Vannoni,Darelle Pacher,Katherina Attiwill,User-friendly,Nepali,South Africa
http://dummyimage.com/159x100.png/5fa2dd/ffffff,"Ladykillers The",1992,1:58 PM,blandit,Berthe Haste,17-Nov-2023,Comedy|Crime,luctus rutrum nulla tellus in sagittis dui vel nisl duis ac nibh fusce lacus purus,Allistir Lorenz,Glen Ragg,Teressa Copestick,standardization,German,Jordan
http://dummyimage.com/106x100.png/cc0000/ffffff,Lady Vengeance (Sympathy for Lady Vengeance) (Chinjeolhan geumjassi),2011,12:10 AM,duis,Rochette Keene,29-Jun-2024,Crime|Drama|Mystery|Thriller,ultrices posuere cubilia curae nulla dapibus dolor vel est donec odio justo sollicitudin ut,Crista McClaughlin,Ricardo Wildey,Rhetta Ditchburn,Visionary,Lao,China
http://dummyimage.com/137x100.png/dddddd/000000,Songs From the Second Floor (Sånger från andra våningen),2009,6:24 PM,sit,Kaitlin O'Lunny,05-Feb-2024,Drama,sed accumsan felis ut at dolor quis odio consequat varius integer ac leo pellentesque ultrices mattis odio donec,Marc Jolliffe,Channa Styant,Todd McCreedy,interactive,Maltese,China
http://dummyimage.com/111x100.png/ff4444/ffffff,Rails & Ties,1988,8:30 PM,consequat,Vitoria Pennetta,08-Jul-2024,Drama,nisi eu orci mauris lacinia sapien quis libero nullam sit amet turpis,Louella Clilverd,Joellyn Helliwell,Anastasia Rouff,Re-engineered,Portuguese,Malaysia
http://dummyimage.com/220x100.png/cc0000/ffffff,Princess Ka'iulani,1987,3:13 PM,dapibus,Mair Treend,14-Oct-2023,Drama|Romance,vestibulum ante ipsum primis in faucibus orci luctus et ultrices posuere cubilia curae donec pharetra magna vestibulum aliquet ultrices erat,Mikkel Aleshintsev,Ara Hackney,Adda Maffeo,solution,Fijian,China
http://dummyimage.com/147x100.png/ff4444/ffffff,Transylvania,1998,6:43 PM,turpis,Darwin Petroulis,22-Dec-2023,Drama,aenean auctor gravida sem praesent id massa id nisl venenatis lacinia aenean sit amet justo morbi ut,Elset Neles,Maurits MacMenamie,Aline Skune,knowledge base,Finnish,Brazil
http://dummyimage.com/223x100.png/5fa2dd/ffffff,Downloaded,2005,6:52 AM,orci,Gustav Berrisford,31-Oct-2023,Documentary,dui vel sem sed sagittis nam congue risus semper porta volutpat quam pede lobortis ligula sit amet eleifend pede libero,Jandy Phettis,Katleen Phlippi,Regine Aleksandrov,challenge,Punjabi,Brazil
http://dummyimage.com/215x100.png/cc0000/ffffff,Weekend at Bernie's II,1996,11:31 PM,mollis,Gar Nelsey,10-Feb-2024,Adventure|Comedy,lectus suspendisse potenti in eleifend quam a odio in hac habitasse platea dictumst maecenas ut massa quis augue luctus tincidunt,Alejandro Traise,Mose Cyson,Lurline Sallans,Inverse,Montenegrin,Philippines
http://dummyimage.com/180x100.png/ff4444/ffffff,Junior,1984,6:51 PM,suspendisse,Arda Benazet,14-Jul-2024,Comedy|Sci-Fi,magna ac consequat metus sapien ut nunc vestibulum ante ipsum primis,Puff Weond,Tommy Rowes,Dew Boule,contingency,Māori,Philippines
http://dummyimage.com/152x100.png/ff4444/ffffff,Dead Man's Letters (Pisma myortvogo cheloveka),2009,12:22 AM,aliquet,Georgena Robrose,23-Jun-2024,Drama|Film-Noir,accumsan felis ut at dolor quis odio consequat varius integer ac leo pellentesque ultrices mattis odio donec vitae nisi nam,Andrus Goward,Tom Gladtbach,Ike Short,static,French,Russia
http://dummyimage.com/128x100.png/5fa2dd/ffffff,Extremities,2007,12:43 AM,eget,Andriette Petteford,12-Oct-2023,Drama|Thriller,orci nullam molestie nibh in lectus pellentesque at nulla suspendisse potenti cras in purus,Ingmar Tuft,Letti Gethyn,Aryn Grahlman,archive,Malay,Sweden
http://dummyimage.com/121x100.png/dddddd/000000,Show People,1992,5:56 AM,non,Leilah Gillfillan,10-Nov-2023,Comedy|Romance,praesent id massa id nisl venenatis lacinia aenean sit amet justo morbi ut odio cras mi,Loni Mower,Venus Trill,Dal Golson,middleware,Tajik,Portugal
http://dummyimage.com/137x100.png/cc0000/ffffff,Cocaine Cowboys,2007,9:44 AM,viverra,Gearard Blondell,17-Feb-2024,Documentary,potenti nullam porttitor lacus at turpis donec posuere metus vitae ipsum,Rubi Valois,Donna Moscrop,Cordie Sand,conglomeration,Punjabi,Poland
http://dummyimage.com/230x100.png/5fa2dd/ffffff,Slither,2012,12:16 PM,nibh,Francklin Clarae,07-Oct-2023,Comedy|Horror|Sci-Fi,quis orci eget orci vehicula condimentum curabitur in libero ut massa volutpat convallis,Vassily Redley,Tedra Vannuccinii,Susan Dimeloe,synergy,Kazakh,Vietnam
http://dummyimage.com/164x100.png/cc0000/ffffff,"Guard The",1993,2:02 AM,est,Zollie Skews,25-Apr-2024,Comedy|Crime,lectus pellentesque at nulla suspendisse potenti cras in purus eu magna vulputate luctus cum sociis,Cletus Verne,Harriott Borris,Livy Wegenen,methodical,Latvian,Thailand
http://dummyimage.com/205x100.png/ff4444/ffffff,Celeste and Jesse Forever (Celeste & Jesse Forever),2003,8:27 PM,erat,Christophe Innwood,17-Oct-2023,Comedy|Drama|Romance,varius ut blandit non interdum in ante vestibulum ante ipsum primis in faucibus orci,Moyra Robson,Olva Henzley,Filide Rookesby,installation,Polish,Democratic Republic of the Congo
http://dummyimage.com/198x100.png/5fa2dd/ffffff,They Died with Their Boots On,2008,3:57 AM,fusce,Hy Jayme,12-Nov-2023,Drama|Romance|War|Western,fringilla rhoncus mauris enim leo rhoncus sed vestibulum sit amet cursus id turpis integer aliquet,Zelig Jiracek,Stepha Bartoszewski,Andonis Haszard,Organic,Zulu,Russia
http://dummyimage.com/105x100.png/5fa2dd/ffffff,Kickboxer 2: The Road Back,1991,7:43 AM,bibendum,Margalo Fishby,07-Sep-2023,Action|Drama,id pretium iaculis diam erat fermentum justo nec condimentum neque sapien placerat ante nulla justo aliquam quis,Basil Hugland,Esdras Castana,Neile Klausen,uniform,Yiddish,Russia
http://dummyimage.com/200x100.png/ff4444/ffffff,Pocahontas,1997,4:03 AM,erat,Chadd Haensel,16-Nov-2023,Animation|Children|Drama|Musical|Romance,dapibus dolor vel est donec odio justo sollicitudin ut suscipit a feugiat et,Valentia Colville,Shelley Veighey,Cayla Floris,non-volatile,Hiri Motu,Philippines
http://dummyimage.com/224x100.png/ff4444/ffffff,Empire State,1999,10:16 PM,odio,Shannen Edgeson,26-May-2024,Action|Drama,luctus ultricies eu nibh quisque id justo sit amet sapien dignissim vestibulum,Der Tubridy,Ros Machent,Kalle Gallichiccio,Reactive,Latvian,Peru
http://dummyimage.com/227x100.png/ff4444/ffffff,"Slight Case of Murder A",2005,3:49 AM,nam,Alverta Zaczek,26-Feb-2024,Comedy|Crime,pede venenatis non sodales sed tincidunt eu felis fusce posuere felis sed lacus morbi sem mauris,Lothario Bolger,Daven Road,Dermot Withringten,Proactive,Macedonian,Indonesia
http://dummyimage.com/238x100.png/ff4444/ffffff,Robin-B-Hood (Bo bui gai wak),1988,8:33 PM,erat,Harry Penner,01-May-2024,Action|Comedy|Drama,posuere cubilia curae duis faucibus accumsan odio curabitur convallis duis consequat dui,Susanetta Bewsey,Kyle Pratt,Costanza Coxhead,Re-contextualized,Quechua,Philippines
http://dummyimage.com/119x100.png/dddddd/000000,Bill & Ted's Bogus Journey,2005,8:29 AM,ante,Vanda Oliff,05-May-2024,Adventure|Comedy|Fantasy|Sci-Fi,felis eu sapien cursus vestibulum proin eu mi nulla ac enim in tempor turpis,Tamarah Dulany,Norry Lieb,Merell Guitonneau,application,Norwegian,Indonesia
